{"cameraMode":{"drawMode":0,"name":"Shaded","section":"Shading Mode"},"sceneLighting":false,"audioPlay":false,"sceneViewState":{"m_AlwaysRefresh":false,"showFog":true,"showSkybox":false,"showFlares":true,"showImageEffects":true,"showParticleSystems":true,"showVisualEffectGraphs":true,"m_FxEnabled":true},"in2DMode":false,"pivot":{"x":0.1932852864265442,"y":0.7799655199050903,"z":2.1520345211029054},"rotation":{"x":-0.0005242034676484764,"y":0.9857432842254639,"z":-0.16840557754039765,"w":-0.002930798102170229},"size":0.5223349332809448,"orthographic":false}