{"cameraMode":{"drawMode":0,"name":"Shaded","section":"Shading Mode"},"sceneLighting":false,"audioPlay":false,"sceneViewState":{"m_AlwaysRefresh":false,"showFog":true,"showSkybox":false,"showFlares":true,"showImageEffects":true,"showParticleSystems":true,"showVisualEffectGraphs":true,"m_FxEnabled":true},"in2DMode":false,"pivot":{"x":0.34119704365730288,"y":-1.135675072669983,"z":-1.5459245443344117},"rotation":{"x":0.021844062954187394,"y":0.9743358492851257,"z":-0.19609743356704713,"w":0.10862383991479874},"size":1.7348722219467164,"orthographic":false}