{"cameraMode":{"drawMode":0,"name":"Shaded","section":"Shading Mode"},"sceneLighting":false,"audioPlay":false,"sceneViewState":{"m_AlwaysRefresh":false,"showFog":true,"showSkybox":false,"showFlares":true,"showImageEffects":true,"showParticleSystems":true,"showVisualEffectGraphs":true,"m_FxEnabled":true},"in2DMode":false,"pivot":{"x":1.4112744331359864,"y":0.05464959517121315,"z":-2.320800304412842},"rotation":{"x":-0.07223694026470185,"y":0.7034488916397095,"z":-0.07220076769590378,"w":-0.7034163475036621},"size":0.4178966283798218,"orthographic":false}