{"cameraMode":{"drawMode":0,"name":"Shaded","section":"Shading Mode"},"sceneLighting":false,"audioPlay":false,"sceneViewState":{"m_AlwaysRefresh":false,"showFog":true,"showSkybox":false,"showFlares":true,"showImageEffects":true,"showParticleSystems":true,"showVisualEffectGraphs":true,"m_FxEnabled":true},"in2DMode":false,"pivot":{"x":-0.21644994616508485,"y":-0.1250678449869156,"z":-0.8036064505577087},"rotation":{"x":-0.2694694995880127,"y":0.45589491724967959,"z":-0.14705462753772736,"w":-0.8354654908180237},"size":1.8514015674591065,"orthographic":false}