{"cameraMode":{"drawMode":0,"name":"Shaded","section":"Shading Mode"},"sceneLighting":false,"audioPlay":false,"sceneViewState":{"m_AlwaysRefresh":false,"showFog":true,"showSkybox":false,"showFlares":true,"showImageEffects":true,"showParticleSystems":true,"showVisualEffectGraphs":true,"m_FxEnabled":true},"in2DMode":false,"pivot":{"x":0.2088114321231842,"y":0.12090697139501572,"z":-0.3856039345264435},"rotation":{"x":-0.2420290857553482,"y":-0.020933493971824647,"z":0.005241851322352886,"w":-0.970060408115387},"size":1.4162718057632447,"orthographic":false}